Question,Answer_User1 (US),Reasoning_User1 (US),Answer_User2,Reasoning_User2,,,
Non-RWGS,,,,,,,
Identify which three catalysts can bind acetate in hydrodeoxygenation reaction with High Conversion.,,,,,,,**I am wondering if machine used to differentiate between hydrogenation and hydrodeoxygenation. Hydrodeoxygenation involvs C-O bond cleage wheras hydrogenation mostly relevant to C=C or C=O reduction** 
Identify which three catalysts can bind acetic acid in hydrodeoxygenation reaction with High Conversion.,,,,,,,
Identify which three catalysts can bind ethanol in hydrodeoxygenation reaction with High Conversion.,,,,,,,
Identify which three catalysts can bind methanol in hydrodeoxygenation reaction with High Conversion.,,,,,,,
Identify which three catalysts can bind phenol in hydrodeoxygenation reaction with High Conversion.,"Zeolite supported Pt, Rh and Ru catalyst","Pt, Rh and Ru binds phenol strongly and activate for the hydrogenation. Acidity of zeolites facilitates C-O bond cleavage i.e., hydrodeoxygenation",,,,,
Identify which three catalysts can bind acetate in hydrodeoxygenation reaction with High Binding Energy.,,,,,,,
Identify which three catalysts can bind acetic acid in hydrodeoxygenation reaction with High Binding Energy.,,,,,,,
Identify which three catalysts can bind ethanol in hydrodeoxygenation reaction with High Binding Energy.,,,,,,,
Identify which three catalysts can bind methanol in hydrodeoxygenation reaction with High Binding Energy.,,,,,,,
Identify which three catalysts can bind phenol in hydrodeoxygenation reaction with High Binding Energy.,"Pt, Rh and Ru catalyst","Binding energy for Pt, Rh, Ru is higher for phenol",,,,,
Identify which three catalysts can bind acetate in hydrodeoxygenation reaction with High Selectivity.,,,,,,,
Identify which three catalysts can bind acetic acid in hydrodeoxygenation reaction with High Selectivity.,,,,,,,
Identify which three catalysts can bind ethanol in hydrodeoxygenation reaction with High Selectivity.,,,,,,,
Identify which three catalysts can bind methanol in hydrodeoxygenation reaction with High Selectivity.,,,,,,,
Identify which three catalysts can bind phenol in hydrodeoxygenation reaction with High Selectivity.,"Molybdenum carbide (Mo2C), Pt, Pt based bimetallic alloy catalyst",,,,,,
Identify which three catalysts can bind anisole in hydrodeoxygenation reaction with High Selectivity.,"Molybdenum carbide (Mo2C), Pt, Ni based catalyst",,,,,,
Identify which three catalysts can bind acetate in hydrogenation reaction with High Conversion.,,,,,,,
Identify which three catalysts can bind acetic acid in hydrogenation reaction with High Conversion.,,,"Ru/C, Ru/Al2O3 and Pt/C","Wan et al (2013), Olcay et al (2010) and Eliott et al (2009) reported highest conversion of acetic acid with Ru/C, compared to Ru/Al2O3, Pt/C, Pt/Al2O3, Pd/C and Pd/Al2O3 favoring ethanol at low temperatures, with high selectivities at temperatures below 300C. However, ethanol selectivity was highest at low acetic acid conversion and low temperature (150C).",,,
Identify which three catalysts can bind ethanol in hydrogenation reaction with High Conversion.,,,N/A,Ethanol does not undergo hydrogenation because it only has saturated bonds.,,,
Identify which three catalysts can bind methanol in hydrogenation reaction with High Conversion.,,,N/A,Methanol does not undergo hydrogenation because it only has saturated bonds.,,,
Identify which three catalysts can bind phenol in hydrogenation reaction with High Conversion.,,The high conversion in case of phenol hydrogenation takes place with these metals becuase higher adsorption energy and consequently higher concentration on these metal surface,,,,,
Identify which three catalysts can bind methyl in hydrogenation reaction with High Binding Energy.,,,,,,,
Identify which three catalysts can bind phenolate in hydrogenation reaction with High Binding Energy.," Pt, Rh and Ru catalyst","Phenolate binds similar way as phenol i.e., through aromatic ring.",,,,,
Identify which three catalysts can bind furfural in hydrogenation reaction with High Selectivity.,"Pt, Pd , Rh, Ru",These metals both binds furfural and hydrogen efficiently and thereby facilitating hydrogenation reaction,,,,,
Identify which three catalysts can bind acetate in hydrodeoxygenation reaction with Low Cost.,,,,,,,
Identify which three catalysts can bind acetic acid in hydrodeoxygenation reaction with Low Cost.,,,"Mo2C, WC, sulfided NiMo/Al2O3 and sulfided CoMo/Al2O3,","Mo2C was shown to have very high selectivity towards C-O and C=O cleavage (hydrodeoxygenation) compared to C-C cleavage (decarbonylation/decarboxylation) reactions at 300C (Ren, et al., 2013).",,,
Identify which three catalysts can bind ethanol in hydrodeoxygenation reaction with Low Cost.,,,Mo2C,"Mo2C was shown to have very high selectivity towards C-O and C=O cleavage (hydrodeoxygenation) compared to C-C cleavage (decarbonylation/decarboxylation) reactions at 300C (Ren, et al., 2013).",,,
Identify which three catalysts can bind methanol in hydrodeoxygenation reaction with Low Cost.,,,,,,,
Identify which three catalysts can bind phenol in hydrodeoxygenation reaction with Low Cost.,"Ni, Co and Fe as well as bimetallic PtCO, PtNi, PtCu","Bimetallic Pt based catalyst with cheap transition metal ia good candidate. Pt is moreactive component however, alloying with cheap metal lowering the amount of Pt and therby overall cost of catalyst ",,,,,
Identify which three catalysts can bind acetate in hydrogenation reaction with Low Cost.,,,,,,,
,,,,,,,
RWGS,,,,,,,
What are the top{ catalysts} that demonstrate higher adsorption energy for both CO2 and H2 (or facilitates both CO2 and H2 adsorption)?,"Noble metal catalysts such as Pt, Rh, Pd, Ru supported on reversible metal oxide i.e., CeO2 (cerium oxide), TiO2 (Titanium dioxide)","While noble metals are active for hydrogen adsorption, reversible metal oxide facilitates the CO2 adsorption. The oxygen vacancy present in the reversable metal oxide binds CO2 and facilitates C-O bond cleavage of CO2. Noble metals can also activate CO2. Generally interface sites are the active sites. These type of metal oxide also exhibit higher metal-support interaction ","PtRe/SiO2, Pt/CeO2, 2.5%Na-2% Pt/ZrO2; @Ru/@SiO2","Based on Liu, et al. (10.1016/j.jcou.2022.102128), PtRe/SiO2 formulation can maintain >= 96.2% CO selectivity at 400C. Pt activates H2 while ReOx activates CO2. Atomically dispersed Pt/CeO2 produced >98% CO selectivity at 450C (10.1016/j.apcatb.2021.120101). CO Selectivities >98% at 300C, CO2 conversion at 25-35% (10.1016/j.apcata.2022.119000). Ru-based can produce ~100% CO selectivity at 7% CO2 conversion at 400C. My reasoning is that catalysts that would be expected to demonstrate higher adsorption energies for both CO2 and H2 would contain noble and base metals such as Pt, Ru and Ni supported on oxides with a high level of oxygen vacancies to facilitate high adsorption energies for both CO2 and H2. ",,,
Identify the top{ catalysts} that exhibit weak adsorption energy for CO (the product of the reaction).,"Metal catalysts such as Au, Ag, Zn demonstrate weak adsorption energy corresponding to CO",,"Au, Ag, Cu; Ni-LaCoO3 perovskite; 4Cu-Al2O3","Showed experimental and calculated Hads for CO on several metals (10.1088/0953-8984/16/8/001). The Co and Ni in Ni-incorporated LaCoO3 perovskite weakens basicity of La-site and facilitate CO desorption (10.1016/j.ijhydene.2021.02.085). Based on 10.1088/0953-8984/16/8/001, Cu is cheap weak CO adsorber so searching with that came up with 4Cu-Al2O3, with 45-47% CO2 conversion and 100% CO selectivity at 600C.",One note: How to make the reward function negative (zero means something),,
What are the top{ catalysts} for the selective production of CO as a result of CO2 conversion?,,,"Ni/La-dopedCeO2, 2.5%Na-2% Pt/ZrO2, PtRe/SiO2","Ni/La-dopedCeO2 (correct formulation) can provide >99.5% CO selectivity at 700C, stable for 100 h (doi.org/10.1021/acsami.2c11248) at 50 - 55% CO2 conversion. Selectivities >98% at 300C, CO2 conversion at 25-35% (10.1016/j.apcata.2022.119000). Based on Liu, et al. (10.1016/j.jcou.2022.102128), PtRe/SiO2 formulation can maintain >= 96.2% CO selectivity at 400C at 15 - 28% CO2 Conversion.",,,
What are the top{ catalysts} that[ are cheap and] demonstrate higher adsorption energy for both CO2 and H2 (or facilitates both CO2 and H2 adsorption)?,"Ni, Cu supported on reversible metal oxide support i.e., CeO2 or TiO2 are the catalysts that facilitate CO2 and H2 adsorption.","While Ni and Cu are active for hydrogen adsorption, reversible metal oxide facilitates the CO2 adsorption. The oxygen vacancy present in the reversable metal oxide binds CO2 and facilitates C-O bond cleavage of CO2. These type of metal oxide also exhibit higher metal-support interaction","Ni/La-dopedCeO2, NiCu, Ni/Ce-Zr-O","Ni/La-dopedCeO2 (correct formulation) can provide >99.5% CO selectivity at 700C, stable for 100 h (doi.org/10.1021/acsami.2c11248), with Eads - 26 kJ/mol at 700 - 775C. NiCu catalyst can have up to 90% CO selectivity at 400C (10.1002/asia.202100100). Ni/Ce-Zr-O (10 wt% Ni)can have up to 99.65% CO selectivity at 750C (10.1016/j.ijhydene.2015.10.004). --- broadly dispersed small NiO particles and numerous O vacancies are advantageous",,,
Identify the top{ catalysts} that[ are cheap and] exhibit weak adsorption energy for CO (the product of the reaction).,"Ag, Zn",,4Cu-Al2O3;,"Based on 10.1088/0953-8984/16/8/001, Cu is cheap weak CO adsorber so searching with that came up with 4Cu-Al2O3, with 45-47% CO2 conversion and 100% CO selectivity at 600C.",,,
What are the top{ catalysts} that perform the RWGS reaction at lower temperature (<200 C)?,"Pt, Rh, Pd single atom catalyst supported on metal oxide ",Single atom catalyst uniqule bind CO2 weakly adsorb CO. provide high selectivity to CO,"N/A (Ru-based, Pt-based and Ni-based)","CO2 conversion almost zero at 200C for both noble metal and oxide-based catalysts (https://doi.org/10.1016/j.jechem.2016.11.011 and 10.1016/j.apcatb.2021.12010 and 10.1021/acsmaterialslett.1c00523). Calculated K values also show that K at 200C = 0.0043 while at 400C, it is at 0.0830 and K = 1.3017 at 900C.",,,
What are the top{ catalysts} that are cheap and perform the RWGS reaction at lower temperature (<200 C)?,Ni or Cu single atom catalyst ,Single atom catalyst uniqule bind CO2 weakly adsorb CO. provide high selectivity to CO,,,,,
Is the RWGS reaction structure sensitive?,"Yes.  Particles that are typically <2 nm are more active for the RWGS reaction.  smaller particle size enables higher metal-support interaction which facilitates the  CO2 activation and facilitates the reaction.  In general step and kink sites i.e., co-ordinatevely unsaturated sites (such as 110 planes) exhibit weaker CO binding energy.",,,,,What are the top catalysts considering the structure sensitive nature of RWGS reaction,
What{ monometallic catalyst} particle size ranges are most active for the RWGS reaction?,Particles that are typically <2 nm are more active for the RWGS reaction,smaller particle size enables higher metal-support interaction which facilitates the  CO2 activation and facilitates the reaction,,,,,
What are the crystal planes that are most active for the adsorption of CO2 for noble metal catalysts?,Open structure such as (100) or (110) planes of metal catalyst are more active towards CO2 activation.,Binding energy of CO2 with these planes are high ,,,How many answers can there be? May require diferent parser for answers. Needs a different Policy. How to validate adsorption? Choose a catalyst?,,
What are the crystal planes that are most active for the adsorption of H2 for noble metal catalysts?,(111) planes are more active towards H2 activation.,Binding energy of H2 with (111) planes are high,,,^,,
What are the crystal planes that demonstrate weaker adsorption of CO for noble metal catalysts?,(110) planes. ,"In general step and kink sites i.e., co-ordinatevely unsaturated sites exhibitweaker CO binding energy",,,^,,
What are the top{ bimetallic catalysts} that demonstrate higher adsorption energy for both CO2 and H2 (or facilitates both CO2 and H2 adsorption)?,"PtCo, PtNi, PdNi",,,,,,
Identify the top{ bimetallic catalysts} that exhibit weak adsorption energy for CO.,"PtCo, PdZn, PdAg, ",Electronics of bimetallics resulted in weaker CO binding energy,,,,,
What are the top{ bimetallic catalysts} that contain cheap metals are most active for RWGS reaction?,"PtCo, NiCu supported on metal oxide ","Cheap, more active and more selective due to weaker CO binding energy",,,,,
What are the top{ metal oxide catalysts} that demonstrate higher adsorption energy for both CO2 and H2 (or facilitates both CO2 and H2 adsorption)?,"CeO2, TiO2",Reversible metal oxide binds CO2 effectively due to the oxygen vacancy. ,,,,,
Identify [cheap]{ bulk metal catalysts} that are most active for RWGS.,"Ag, Zn ",Although most of the noble metals activates CO2 they are not very selective to CO due to overhydrogenation to form methane (CH4). Ag is one of the catalyst on which CO binds weakly,,,,,
Identify{ sulfide catalysts} that are active for the RWGS.,couldn't find this example,,,,,,
Identify{ nitride catalysts} that are active for the RWGS.,"Molybdenum nitride, Iron nitride",Binds CO2 strongly,,,,,
Identify{ carbide catalysts} that are active for the RWGS.,Molybdenum carbide,,,,,,